{"stats":{"minecraft:picked_up":{"minecraft:player_head":1},"minecraft:custom":{"minecraft:jump":14,"minecraft:time_since_rest":282,"minecraft:damage_taken":61955,"minecraft:crouch_one_cm":544,"minecraft:play_time":15989,"minecraft:leave_game":3,"minecraft:walk_one_cm":9175,"minecraft:time_since_death":0,"minecraft:deaths":6,"minecraft:sneak_time":148,"minecraft:total_world_time":15989,"minecraft:fly_one_cm":146},"minecraft:killed_by":{"minecraft:player":2,"minecraft:zombie":1}},"DataVersion":3953}