{"stats":{"minecraft:custom":{"minecraft:time_since_rest":22288,"minecraft:crouch_one_cm":2423,"minecraft:play_time":22288,"minecraft:sprint_one_cm":12632,"minecraft:walk_one_cm":33407,"minecraft:sneak_time":1658,"minecraft:walk_under_water_one_cm":8811,"minecraft:interact_with_anvil":2,"minecraft:drop":1,"minecraft:jump":38,"minecraft:damage_dealt":642,"minecraft:walk_on_water_one_cm":813,"minecraft:leave_game":4,"minecraft:time_since_death":22288,"minecraft:total_world_time":22288,"minecraft:swim_one_cm":8026,"minecraft:fly_one_cm":10308},"minecraft:mined":{"minecraft:spruce_log":2},"minecraft:used":{"minecraft:anvil":1,"minecraft:mace":22,"minecraft:sweet_berries":1,"minecraft:wind_charge":38,"minecraft:ice":7,"minecraft:spruce_planks":2,"minecraft:tropical_fish_bucket":1},"minecraft:picked_up":{"minecraft:tropical_fish_bucket":1,"minecraft:sweet_berries":3,"minecraft:spruce_log":2},"minecraft:crafted":{"minecraft:crafting_table":1,"minecraft:spruce_planks":8,"minecraft:stick":4},"minecraft:dropped":{"minecraft:tropical_fish_bucket":1}},"DataVersion":3953}