{"stats":{"minecraft:picked_up":{"minecraft:pink_petals":58,"minecraft:wheat":14,"minecraft:pumpkin":14,"minecraft:wheat_seeds":33,"minecraft:red_wool":23,"minecraft:chest":2,"minecraft:white_wool":18,"minecraft:dirt":1},"minecraft:mined":{"minecraft:pink_petals":26,"minecraft:short_grass":7,"minecraft:grass_block":2,"minecraft:chest":2,"minecraft:red_wool":27,"minecraft:tall_grass":1,"minecraft:wheat":14,"minecraft:pumpkin":14,"minecraft:powder_snow":32,"minecraft:white_wool":18},"minecraft:killed_by":{"minecraft:player":1},"minecraft:custom":{"minecraft:open_chest":7,"minecraft:time_since_rest":13458,"minecraft:sprint_one_cm":133206,"minecraft:crouch_one_cm":11705,"minecraft:play_time":85305,"minecraft:damage_taken":21180,"minecraft:walk_one_cm":156412,"minecraft:deaths":1,"minecraft:sneak_time":20149,"minecraft:walk_under_water_one_cm":334,"minecraft:jump":1080,"minecraft:leave_game":6,"minecraft:time_since_death":13112,"minecraft:walk_on_water_one_cm":5424,"minecraft:total_world_time":85305,"minecraft:climb_one_cm":4892,"minecraft:swim_one_cm":476,"minecraft:fall_one_cm":40423,"minecraft:fly_one_cm":200873},"minecraft:used":{"minecraft:pink_petals":22,"minecraft:dirt":1}},"DataVersion":3953}