{"stats":{"minecraft:custom":{"minecraft:jump":64,"minecraft:time_since_rest":4104,"minecraft:crouch_one_cm":6,"minecraft:leave_game":1,"minecraft:sprint_one_cm":4104,"minecraft:play_time":4104,"minecraft:time_since_death":4104,"minecraft:walk_one_cm":6839,"minecraft:sneak_time":676,"minecraft:total_world_time":4104,"minecraft:fall_one_cm":2357,"minecraft:fly_one_cm":34389},"minecraft:picked_up":{"minecraft:wheat_seeds":1,"minecraft:acacia_log":1},"minecraft:mined":{"minecraft:tall_grass":2,"minecraft:short_grass":11,"minecraft:acacia_log":1}},"DataVersion":3953}