{"stats":{"minecraft:killed":{"minecraft:pig":1,"minecraft:allay":2,"minecraft:rabbit":2,"minecraft:iron_golem":1,"minecraft:creeper":5,"minecraft:sheep":5,"minecraft:skeleton":6,"minecraft:pillager":3,"minecraft:zombie":4,"minecraft:warden":1,"minecraft:villager":2,"minecraft:cow":1},"minecraft:mined":{"minecraft:grass_block":1,"minecraft:spruce_log":2},"minecraft:picked_up":{"minecraft:azure_bluet":7,"minecraft:ominous_bottle":1,"minecraft:ladder":4,"minecraft:leather":2,"minecraft:oak_stairs":1,"minecraft:oak_log":1,"minecraft:cornflower":3,"minecraft:dirt":2,"minecraft:lantern":2,"minecraft:white_banner":2,"minecraft:red_carpet":2,"minecraft:bone":1,"minecraft:stone_bricks":320,"minecraft:wheat_seeds":9,"minecraft:player_head":8,"minecraft:poppy":2,"minecraft:rabbit":1,"minecraft:tropical_fish_bucket":3,"minecraft:dandelion":10,"minecraft:spruce_log":2,"minecraft:polished_andesite":64,"minecraft:arrow":3,"minecraft:rotten_flesh":3,"minecraft:spruce_sign":3,"minecraft:oak_button":1,"minecraft:mutton":1,"minecraft:white_wool":1,"minecraft:cobblestone":2},"minecraft:killed_by":{"minecraft:iron_golem":1},"minecraft:custom":{"minecraft:mob_kills":33,"minecraft:interact_with_crafting_table":1,"minecraft:raid_trigger":1,"minecraft:leave_game":41,"minecraft:time_since_death":397128,"minecraft:climb_one_cm":4990,"minecraft:time_since_rest":397209,"minecraft:sprint_one_cm":220626,"minecraft:damage_taken":499,"minecraft:walk_one_cm":520793,"minecraft:trigger_trapped_chest":1,"minecraft:drop":27,"minecraft:damage_dealt":11285,"minecraft:talked_to_villager":1,"minecraft:fly_one_cm":5125760,"minecraft:player_kills":1,"minecraft:open_chest":7,"minecraft:crouch_one_cm":17344,"minecraft:play_time":762167,"minecraft:deaths":3,"minecraft:sneak_time":28345,"minecraft:walk_under_water_one_cm":17778,"minecraft:jump":1165,"minecraft:walk_on_water_one_cm":3328,"minecraft:total_world_time":762167,"minecraft:interact_with_smoker":1,"minecraft:fall_one_cm":3857},"minecraft:dropped":{"minecraft:spruce_sign":3,"minecraft:player_head":2,"minecraft:oak_log":2,"minecraft:lantern":2,"minecraft:leather":2,"minecraft:red_carpet":2,"minecraft:polished_andesite":64,"minecraft:poppy":2,"minecraft:dirt":1,"minecraft:oak_button":1,"minecraft:mutton":1,"minecraft:rabbit":1,"minecraft:ladder":4,"minecraft:stone_bricks":320,"minecraft:oak_stairs":1,"minecraft:spruce_slab":1,"minecraft:white_banner":1,"minecraft:tropical_fish_bucket":3},"minecraft:used":{"minecraft:calcite":105,"minecraft:water_bucket":2,"minecraft:iron_bars":103,"minecraft:polished_deepslate":201,"minecraft:snow_block":63,"minecraft:spruce_slab":44,"minecraft:polished_andesite":628,"minecraft:polished_diorite_slab":5,"minecraft:spruce_planks":167,"minecraft:stone":32,"minecraft:quartz_stairs":37,"minecraft:player_head":1,"minecraft:deepslate_bricks":3,"minecraft:oak_leaves":49,"minecraft:polished_deepslate_slab":150,"minecraft:dirt":87,"minecraft:jungle_planks":38,"minecraft:spruce_stairs":25,"minecraft:allay_spawn_egg":2,"minecraft:spruce_log":4,"minecraft:polished_diorite":378,"minecraft:warden_spawn_egg":1,"minecraft:polished_deepslate_stairs":8,"minecraft:oak_log":18,"minecraft:wooden_axe":1,"minecraft:mace":3,"minecraft:grass_block":166,"minecraft:oak_stairs":2,"minecraft:polished_deepslate_wall":107,"minecraft:stone_slab":9,"minecraft:polished_granite":123,"minecraft:cobblestone":44,"minecraft:hay_block":1,"minecraft:ominous_bottle":1,"minecraft:deepslate_coal_ore":8,"minecraft:bucket":1,"minecraft:polished_diorite_stairs":208,"minecraft:tropical_fish_bucket":1}},"DataVersion":3953}