{"stats":{"minecraft:custom":{"minecraft:interact_with_anvil":1,"minecraft:mob_kills":34,"minecraft:interact_with_crafting_table":3,"minecraft:open_barrel":1,"minecraft:bell_ring":16,"minecraft:leave_game":68,"minecraft:time_since_death":1111528,"minecraft:climb_one_cm":7294,"minecraft:sprint_one_cm":896466,"minecraft:walk_one_cm":1392208,"minecraft:drop":74,"minecraft:talked_to_villager":1,"minecraft:play_time":1476567,"minecraft:deaths":3,"minecraft:sneak_time":94801,"minecraft:walk_under_water_one_cm":18272,"minecraft:jump":4001,"minecraft:walk_on_water_one_cm":10310,"minecraft:total_world_time":1476567,"minecraft:raid_trigger":1,"minecraft:time_since_rest":1111609,"minecraft:damage_taken":499,"minecraft:trigger_trapped_chest":1,"minecraft:damage_dealt":11365,"minecraft:interact_with_beacon":7,"minecraft:swim_one_cm":606,"minecraft:fly_one_cm":9993723,"minecraft:player_kills":1,"minecraft:open_chest":18,"minecraft:crouch_one_cm":63159,"minecraft:interact_with_smoker":1,"minecraft:fall_one_cm":3857},"minecraft:picked_up":{"minecraft:azure_bluet":16,"minecraft:ominous_bottle":1,"minecraft:ladder":10,"minecraft:oak_stairs":1,"minecraft:stone_brick_stairs":1,"minecraft:cornflower":3,"minecraft:polished_deepslate":3,"minecraft:sea_pickle":4,"minecraft:deepslate_tiles":1,"minecraft:cobbled_deepslate":3,"minecraft:spruce_planks":2,"minecraft:player_head":8,"minecraft:poppy":4,"minecraft:spruce_slab":3,"minecraft:chest":1,"minecraft:raw_iron":1,"minecraft:spruce_stairs":4,"minecraft:yellow_banner":1,"minecraft:arrow":3,"minecraft:rotten_flesh":3,"minecraft:deepslate_bricks":2,"minecraft:cracked_deepslate_bricks":2,"minecraft:glow_berries":1,"minecraft:mutton":1,"minecraft:iron_bars":2,"minecraft:snowball":112,"minecraft:white_wool":1,"minecraft:cobblestone":128,"minecraft:oxeye_daisy":2,"minecraft:pink_petals":1,"minecraft:dark_oak_button":2,"minecraft:leather":2,"minecraft:oak_log":1,"minecraft:dirt":99,"minecraft:lantern":6,"minecraft:white_banner":5,"minecraft:bone":1,"minecraft:red_carpet":8,"minecraft:glass":2,"minecraft:stone_bricks":320,"minecraft:wheat_seeds":19,"minecraft:cobbled_deepslate_wall":1,"minecraft:iron_ingot":3,"minecraft:dark_oak_sign":5,"minecraft:rabbit":1,"minecraft:moss_block":1,"minecraft:tropical_fish_bucket":3,"minecraft:red_wool":3,"minecraft:dandelion":14,"minecraft:stripped_spruce_log":1,"minecraft:red_banner":5,"minecraft:spruce_log":2,"minecraft:polished_andesite":64,"minecraft:deepslate":4,"minecraft:lever":1,"minecraft:spruce_sign":8,"minecraft:spruce_button":2,"minecraft:oak_button":3,"minecraft:coal":3,"minecraft:oak_leaves":4},"minecraft:mined":{"minecraft:grass_block":1,"minecraft:spruce_log":2},"minecraft:dropped":{"minecraft:spruce_sign":3,"minecraft:stripped_spruce_log":1,"minecraft:oak_log":2,"minecraft:cobbled_deepslate_wall":1,"minecraft:lantern":2,"minecraft:leather":2,"minecraft:red_wool":4,"minecraft:spruce_stairs":4,"minecraft:red_carpet":3,"minecraft:polished_andesite":64,"minecraft:dirt":1,"minecraft:mutton":1,"minecraft:wooden_axe":1,"minecraft:rabbit":1,"minecraft:oak_stairs":1,"minecraft:white_banner":1,"minecraft:polished_deepslate":3,"minecraft:tropical_fish_bucket":3,"minecraft:player_head":2,"minecraft:cobbled_deepslate":3,"minecraft:deepslate":4,"minecraft:wind_charge":1,"minecraft:deepslate_bricks":2,"minecraft:poppy":2,"minecraft:deepslate_tiles":1,"minecraft:oak_button":1,"minecraft:spruce_trapdoor":1,"minecraft:spruce_planks":2,"minecraft:ladder":6,"minecraft:chest":2,"minecraft:stone_bricks":320,"minecraft:spruce_slab":5,"minecraft:iron_bars":2,"minecraft:glass":2,"minecraft:cracked_deepslate_bricks":2,"minecraft:stone_brick_stairs":1,"minecraft:oak_leaves":5},"minecraft:used":{"minecraft:moss_block":11,"minecraft:iron_bars":105,"minecraft:polished_deepslate":648,"minecraft:cracked_deepslate_bricks":440,"minecraft:red_concrete":17,"minecraft:stone_shovel":67,"minecraft:spruce_slab":278,"minecraft:ladder":6,"minecraft:spruce_planks":989,"minecraft:chest":3,"minecraft:stone":35,"minecraft:quartz_stairs":37,"minecraft:player_head":1,"minecraft:debug_stick":182,"minecraft:oxidized_cut_copper":5,"minecraft:dirt":87,"minecraft:anvil":2,"minecraft:blue_stained_glass":9,"minecraft:jungle_planks":38,"minecraft:spruce_stairs":138,"minecraft:cobblestone_wall":8,"minecraft:deepslate_brick_slab":9,"minecraft:spruce_fence":32,"minecraft:allay_spawn_egg":2,"minecraft:blue_concrete":10,"minecraft:stripped_spruce_log":294,"minecraft:polished_diorite":378,"minecraft:polished_deepslate_stairs":8,"minecraft:warden_spawn_egg":1,"minecraft:glass":7,"minecraft:waxed_oxidized_copper":3,"minecraft:wooden_axe":1,"minecraft:stripped_dark_oak_wood":7,"minecraft:iron_block":18,"minecraft:red_wool":1006,"minecraft:lantern":39,"minecraft:grass_block":2547,"minecraft:oak_stairs":108,"minecraft:polished_deepslate_wall":107,"minecraft:smooth_quartz":2,"minecraft:stone_brick_stairs":4,"minecraft:barrel":11,"minecraft:stone_bricks":3,"minecraft:red_carpet":144,"minecraft:snow":1,"minecraft:hay_block":1,"minecraft:ominous_bottle":1,"minecraft:oak_sapling":4,"minecraft:oxidized_cut_copper_stairs":1,"minecraft:polished_diorite_stairs":208,"minecraft:cobbled_deepslate":2141,"minecraft:cobbled_deepslate_wall":40,"minecraft:calcite":105,"minecraft:water_bucket":4,"minecraft:mossy_stone_bricks":35,"minecraft:snow_block":504,"minecraft:polished_andesite":628,"minecraft:oak_planks":1039,"minecraft:birch_wood":10,"minecraft:polished_diorite_slab":5,"minecraft:blackstone":2,"minecraft:cauldron":1,"minecraft:beacon":15,"minecraft:glow_ink_sac":1,"minecraft:cobblestone_slab":11,"minecraft:deepslate_bricks":476,"minecraft:oak_leaves":721,"minecraft:polished_deepslate_slab":150,"minecraft:diamond_block":71,"minecraft:blue_dye":1,"minecraft:stripped_dark_oak_log":1,"minecraft:tnt":186,"minecraft:oak_slab":70,"minecraft:oxidized_cut_copper_slab":3,"minecraft:stone_brick_wall":23,"minecraft:spruce_log":4,"minecraft:deepslate_brick_stairs":93,"minecraft:deepslate_tiles":871,"minecraft:oak_log":48,"minecraft:mace":3,"minecraft:dark_oak_log":88,"minecraft:wind_charge":7,"minecraft:barrier":1,"minecraft:stone_slab":9,"minecraft:polished_granite":123,"minecraft:spruce_trapdoor":36,"minecraft:deepslate":2122,"minecraft:gravel":27,"minecraft:flowering_azalea_leaves":1,"minecraft:cobblestone":48,"minecraft:azalea_leaves":17,"minecraft:bucket":1,"minecraft:deepslate_coal_ore":8,"minecraft:stripped_oak_log":57,"minecraft:tropical_fish_bucket":1,"minecraft:bone_meal":12},"minecraft:killed_by":{"minecraft:iron_golem":1},"minecraft:killed":{"minecraft:allay":2,"minecraft:skeleton":6,"minecraft:warden":1,"minecraft:pig":1,"minecraft:rabbit":2,"minecraft:iron_golem":1,"minecraft:creeper":5,"minecraft:sheep":6,"minecraft:pillager":3,"minecraft:zombie":4,"minecraft:villager":2,"minecraft:cow":1}},"DataVersion":3953}