{"stats":{"minecraft:killed":{"minecraft:skeleton":1,"minecraft:creeper":1},"minecraft:picked_up":{"minecraft:azure_bluet":55,"minecraft:dandelion":27,"minecraft:netherite_shovel":3,"minecraft:cornflower":18,"minecraft:dirt":64,"minecraft:wheat_seeds":45,"minecraft:rabbit_hide":2,"minecraft:poppy":41,"minecraft:rabbit":2,"minecraft:cobblestone":3},"minecraft:custom":{"minecraft:time_since_rest":204519,"minecraft:sprint_one_cm":2508,"minecraft:walk_one_cm":239312,"minecraft:mob_kills":2,"minecraft:drop":71,"minecraft:damage_dealt":398,"minecraft:fly_one_cm":1450062,"minecraft:open_chest":1,"minecraft:crouch_one_cm":5246,"minecraft:play_time":204519,"minecraft:sneak_time":5111,"minecraft:walk_under_water_one_cm":86,"minecraft:jump":184,"minecraft:leave_game":5,"minecraft:time_since_death":204519,"minecraft:walk_on_water_one_cm":672,"minecraft:climb_one_cm":258,"minecraft:total_world_time":204519},"minecraft:used":{"minecraft:polished_deepslate_stairs":52,"minecraft:andesite_wall":3,"minecraft:water_bucket":1,"minecraft:end_rod":11,"minecraft:cornflower":4,"minecraft:polished_deepslate":258,"minecraft:lantern":1,"minecraft:grass_block":68,"minecraft:poppy":9,"minecraft:polished_andesite":316,"minecraft:polished_deepslate_wall":31,"minecraft:polished_andesite_stairs":31,"minecraft:netherite_axe":5,"minecraft:polished_granite":126,"minecraft:deepslate_bricks":15,"minecraft:soul_lantern":1,"minecraft:dirt":296,"minecraft:cobblestone":104,"minecraft:andesite_stairs":30,"minecraft:andesite":102,"minecraft:chain":1,"minecraft:polished_diorite_stairs":2,"minecraft:smooth_stone":58,"minecraft:polished_diorite":163,"minecraft:calcite":487},"minecraft:dropped":{"minecraft:poppy":19,"minecraft:dirt":1,"minecraft:cornflower":18,"minecraft:cobblestone":3,"minecraft:netherite_shovel":3,"minecraft:dandelion":27}},"DataVersion":3953}