{"stats":{"minecraft:custom":{"minecraft:time_since_rest":563631,"minecraft:sprint_one_cm":6524,"minecraft:interact_with_furnace":1,"minecraft:damage_taken":130,"minecraft:walk_one_cm":658247,"minecraft:mob_kills":2,"minecraft:drop":73,"minecraft:damage_dealt":398,"minecraft:fly_one_cm":3450943,"minecraft:open_chest":10,"minecraft:crouch_one_cm":9607,"minecraft:play_time":563631,"minecraft:sneak_time":10876,"minecraft:walk_under_water_one_cm":14998,"minecraft:jump":543,"minecraft:leave_game":7,"minecraft:time_since_death":563631,"minecraft:walk_on_water_one_cm":1881,"minecraft:climb_one_cm":6931,"minecraft:total_world_time":563631,"minecraft:fall_one_cm":1591},"minecraft:picked_up":{"minecraft:azure_bluet":55,"minecraft:torch":6,"minecraft:dandelion":27,"minecraft:gravel":55,"minecraft:netherite_shovel":3,"minecraft:pointed_dripstone":8,"minecraft:grass_block":2,"minecraft:cornflower":18,"minecraft:dirt":249,"minecraft:red_carpet":1,"minecraft:stone_bricks":1,"minecraft:wheat_seeds":45,"minecraft:rabbit_hide":2,"minecraft:poppy":41,"minecraft:rabbit":2,"minecraft:coal":1,"minecraft:raw_iron":1,"minecraft:cobblestone":127},"minecraft:dropped":{"minecraft:poppy":19,"minecraft:dirt":1,"minecraft:cornflower":18,"minecraft:cobblestone":3,"minecraft:netherite_shovel":3,"minecraft:grass_block":2,"minecraft:dandelion":27},"minecraft:used":{"minecraft:polished_deepslate_stairs":52,"minecraft:andesite_wall":3,"minecraft:oak_log":45,"minecraft:mossy_stone_bricks":1,"minecraft:water_bucket":1,"minecraft:end_rod":14,"minecraft:cornflower":4,"minecraft:polished_deepslate":258,"minecraft:flint_and_steel":119,"minecraft:dark_oak_hanging_sign":3,"minecraft:spruce_door":6,"minecraft:snow_block":58,"minecraft:red_wool":10,"minecraft:oak_planks":8,"minecraft:lantern":7,"minecraft:grass_block":2542,"minecraft:netherite_axe":5,"minecraft:polished_andesite":316,"minecraft:poppy":9,"minecraft:polished_andesite_stairs":31,"minecraft:polished_deepslate_wall":31,"minecraft:jungle_stairs":2,"minecraft:stone":1,"minecraft:polished_granite":126,"minecraft:spruce_trapdoor":1,"minecraft:stripped_jungle_wood":55,"minecraft:stone_bricks":144,"minecraft:iron_door":1,"minecraft:wooden_shovel":123,"minecraft:gravel":512,"minecraft:cobblestone_slab":189,"minecraft:stone_brick_stairs":22,"minecraft:mossy_stone_brick_slab":8,"minecraft:deepslate_bricks":15,"minecraft:soul_lantern":1,"minecraft:torch":43,"minecraft:mossy_cobblestone":94,"minecraft:dirt":296,"minecraft:cobblestone":104,"minecraft:tnt":137,"minecraft:andesite_stairs":30,"minecraft:andesite":102,"minecraft:chain":1,"minecraft:polished_diorite_stairs":2,"minecraft:waxed_oxidized_copper_bulb":1,"minecraft:smooth_stone":58,"minecraft:polished_diorite":163,"minecraft:calcite":502},"minecraft:killed":{"minecraft:skeleton":1,"minecraft:creeper":1}},"DataVersion":3953}