{"stats":{"minecraft:custom":{"minecraft:interact_with_furnace":1,"minecraft:mob_kills":2,"minecraft:leave_game":7,"minecraft:time_since_death":581631,"minecraft:climb_one_cm":6931,"minecraft:time_since_rest":581631,"minecraft:sprint_one_cm":7013,"minecraft:damage_taken":130,"minecraft:walk_one_cm":731420,"minecraft:drop":73,"minecraft:damage_dealt":398,"minecraft:fly_one_cm":3506646,"minecraft:open_chest":10,"minecraft:crouch_one_cm":9675,"minecraft:play_time":581631,"minecraft:sneak_time":10949,"minecraft:walk_under_water_one_cm":14998,"minecraft:jump":578,"minecraft:walk_on_water_one_cm":2560,"minecraft:total_world_time":581631,"minecraft:fall_one_cm":1591},"minecraft:picked_up":{"minecraft:azure_bluet":55,"minecraft:flint":4,"minecraft:cornflower":18,"minecraft:dirt":258,"minecraft:red_carpet":1,"minecraft:stone_bricks":3,"minecraft:wheat_seeds":45,"minecraft:rabbit_hide":2,"minecraft:poppy":41,"minecraft:rabbit":2,"minecraft:raw_iron":1,"minecraft:torch":8,"minecraft:dandelion":27,"minecraft:dripstone_block":13,"minecraft:gravel":87,"minecraft:netherite_shovel":3,"minecraft:pointed_dripstone":16,"minecraft:grass_block":2,"minecraft:coal":1,"minecraft:cobblestone":211},"minecraft:dropped":{"minecraft:cobblestone":3,"minecraft:netherite_shovel":3,"minecraft:grass_block":2,"minecraft:poppy":19,"minecraft:dirt":1,"minecraft:cornflower":18,"minecraft:dandelion":27},"minecraft:used":{"minecraft:calcite":502,"minecraft:water_bucket":1,"minecraft:mossy_stone_bricks":1,"minecraft:end_rod":14,"minecraft:spruce_door":6,"minecraft:polished_deepslate":258,"minecraft:snow_block":58,"minecraft:flint_and_steel":136,"minecraft:dark_oak_hanging_sign":3,"minecraft:polished_andesite":316,"minecraft:poppy":9,"minecraft:oak_planks":8,"minecraft:stone":44,"minecraft:stripped_jungle_wood":55,"minecraft:wooden_shovel":123,"minecraft:cobblestone_slab":189,"minecraft:mossy_stone_brick_slab":8,"minecraft:deepslate_bricks":15,"minecraft:torch":46,"minecraft:mossy_cobblestone":94,"minecraft:dirt":296,"minecraft:tnt":171,"minecraft:polished_diorite":163,"minecraft:polished_deepslate_stairs":52,"minecraft:andesite_wall":3,"minecraft:oak_log":45,"minecraft:cornflower":4,"minecraft:red_wool":10,"minecraft:lantern":7,"minecraft:grass_block":2591,"minecraft:polished_deepslate_wall":31,"minecraft:polished_andesite_stairs":31,"minecraft:netherite_axe":5,"minecraft:jungle_stairs":2,"minecraft:polished_granite":126,"minecraft:spruce_trapdoor":1,"minecraft:iron_door":1,"minecraft:gravel":512,"minecraft:stone_brick_stairs":22,"minecraft:stone_bricks":423,"minecraft:soul_lantern":1,"minecraft:cobblestone":104,"minecraft:andesite_stairs":30,"minecraft:andesite":102,"minecraft:chain":1,"minecraft:polished_diorite_stairs":2,"minecraft:waxed_oxidized_copper_bulb":1,"minecraft:smooth_stone":58},"minecraft:killed":{"minecraft:creeper":1,"minecraft:skeleton":1}},"DataVersion":3953}