{"stats":{"minecraft:picked_up":{"minecraft:porkchop":2},"minecraft:custom":{"minecraft:jump":76,"minecraft:time_since_rest":9624,"minecraft:damage_dealt":100,"minecraft:crouch_one_cm":17,"minecraft:sprint_one_cm":6697,"minecraft:play_time":9624,"minecraft:time_since_death":9624,"minecraft:walk_one_cm":3357,"minecraft:sneak_time":162,"minecraft:total_world_time":9624,"minecraft:mob_kills":1,"minecraft:fall_one_cm":1672,"minecraft:fly_one_cm":77516},"minecraft:killed":{"minecraft:pig":1}},"DataVersion":3953}