{"stats":{"minecraft:crafted":{"minecraft:stone_sword":1,"minecraft:acacia_planks":16,"minecraft:stone_axe":1,"minecraft:crafting_table":1,"minecraft:stick":8,"minecraft:stone_pickaxe":1,"minecraft:wooden_pickaxe":1},"minecraft:picked_up":{"minecraft:crafting_table":1,"minecraft:acacia_log":4,"minecraft:porkchop":2,"minecraft:mutton":6,"minecraft:white_wool":4,"minecraft:dirt":4,"minecraft:cobblestone":12},"minecraft:killed":{"minecraft:sheep":4,"minecraft:pig":1},"minecraft:mined":{"minecraft:acacia_log":4,"minecraft:grass_block":1,"minecraft:dirt":3,"minecraft:stone":12,"minecraft:crafting_table":1},"minecraft:custom":{"minecraft:time_since_rest":24868,"minecraft:crouch_one_cm":125,"minecraft:play_time":24868,"minecraft:sprint_one_cm":26985,"minecraft:walk_one_cm":12067,"minecraft:sneak_time":412,"minecraft:mob_kills":5,"minecraft:jump":228,"minecraft:damage_dealt":530,"minecraft:leave_game":2,"minecraft:time_since_death":24868,"minecraft:total_world_time":24868,"minecraft:interact_with_crafting_table":2,"minecraft:fall_one_cm":6328,"minecraft:fly_one_cm":133646},"minecraft:used":{"minecraft:stone_axe":1,"minecraft:stone_sword":8,"minecraft:dirt":4,"minecraft:acacia_log":1,"minecraft:crafting_table":1,"minecraft:wooden_pickaxe":12}},"DataVersion":3953}