{"stats":{"minecraft:picked_up":{"minecraft:ochre_froglight":31,"minecraft:cobblestone_wall":1,"minecraft:cobblestone_stairs":1,"minecraft:moss_carpet":7,"minecraft:wheat_seeds":1,"minecraft:beef":3,"minecraft:azalea":1,"minecraft:mossy_stone_bricks":1,"minecraft:cobblestone":32},"minecraft:custom":{"minecraft:leave_game":2,"minecraft:time_since_death":172819,"minecraft:climb_one_cm":1748,"minecraft:time_since_rest":172819,"minecraft:sprint_one_cm":44471,"minecraft:damage_taken":180,"minecraft:walk_one_cm":237712,"minecraft:drop":13,"minecraft:damage_dealt":53,"minecraft:interact_with_beacon":1,"minecraft:talked_to_villager":1,"minecraft:fly_one_cm":776021,"minecraft:crouch_one_cm":417,"minecraft:play_time":172819,"minecraft:sneak_time":2121,"minecraft:jump":248,"minecraft:walk_on_water_one_cm":226,"minecraft:total_world_time":172819,"minecraft:fall_one_cm":1867},"minecraft:dropped":{"minecraft:moss_carpet":7,"minecraft:cobblestone_wall":1,"minecraft:cobblestone_stairs":1,"minecraft:mossy_stone_bricks":1,"minecraft:beef":3},"minecraft:used":{"minecraft:calcite":122,"minecraft:moss_block":130,"minecraft:moss_carpet":21,"minecraft:mossy_stone_bricks":253,"minecraft:light_blue_stained_glass_pane":9,"minecraft:amethyst_block":72,"minecraft:cobblestone_stairs":23,"minecraft:dirt_path":25,"minecraft:polished_deepslate":539,"minecraft:snow_block":134,"minecraft:flint_and_steel":61,"minecraft:red_stained_glass":6,"minecraft:ladder":35,"minecraft:beacon":20,"minecraft:cobblestone_slab":78,"minecraft:deepslate_bricks":32,"minecraft:cracked_stone_bricks":34,"minecraft:soul_campfire":1,"minecraft:diamond_block":56,"minecraft:tnt":59,"minecraft:lime_stained_glass_pane":9,"minecraft:blue_stained_glass":6,"minecraft:cobblestone_wall":137,"minecraft:yellow_stained_glass_pane":23,"minecraft:deepslate_brick_slab":1,"minecraft:blue_ice":74,"minecraft:campfire":4,"minecraft:bee_nest":14,"minecraft:ochre_froglight":150,"minecraft:painting":3,"minecraft:glow_lichen":50,"minecraft:infested_stone_bricks":295,"minecraft:light_blue_stained_glass":4,"minecraft:deepslate_brick_stairs":7,"minecraft:amethyst_cluster":14,"minecraft:blue_stained_glass_pane":15,"minecraft:sea_lantern":8,"minecraft:honey_block":19,"minecraft:packed_ice":126,"minecraft:flowering_azalea":5,"minecraft:light_gray_stained_glass":4,"minecraft:dark_oak_log":11,"minecraft:black_stained_glass_pane":12,"minecraft:yellow_stained_glass":4,"minecraft:lantern":4,"minecraft:grass_block":247,"minecraft:polished_deepslate_wall":1,"minecraft:spore_blossom":6,"minecraft:dark_oak_leaves":21,"minecraft:iron_door":2,"minecraft:budding_amethyst":12,"minecraft:stone_brick_stairs":81,"minecraft:stone_bricks":149,"minecraft:soul_lantern":7,"minecraft:smooth_basalt":108,"minecraft:pink_petals":7,"minecraft:chiseled_stone_bricks":58,"minecraft:red_stained_glass_pane":4,"minecraft:infested_mossy_stone_bricks":68,"minecraft:honeycomb_block":283,"minecraft:cobblestone":385,"minecraft:snow":112,"minecraft:black_stained_glass":3,"minecraft:pitcher_plant":1,"minecraft:lime_stained_glass":10,"minecraft:white_stained_glass_pane":10,"minecraft:white_stained_glass":12,"minecraft:chain":26,"minecraft:ice":88,"minecraft:stone_pressure_plate":4,"minecraft:pearlescent_froglight":1,"minecraft:bone_meal":53,"minecraft:pointed_dripstone":15}},"DataVersion":3953}