{"stats":{"minecraft:crafted":{"minecraft:chainmail_helmet":1,"minecraft:golden_chestplate":1,"minecraft:leather_leggings":1,"minecraft:leather_boots":1,"minecraft:netherite_chestplate":1,"minecraft:iron_boots":2,"minecraft:netherite_leggings":1,"minecraft:netherite_boots":1,"minecraft:netherite_helmet":1,"minecraft:chainmail_leggings":1,"minecraft:golden_helmet":1,"minecraft:golden_boots":1,"minecraft:iron_helmet":2,"minecraft:chainmail_chestplate":1,"minecraft:leather_helmet":1,"minecraft:iron_chestplate":2,"minecraft:golden_leggings":1,"minecraft:leather_chestplate":1,"minecraft:chainmail_boots":1,"minecraft:iron_leggings":2},"minecraft:custom":{"minecraft:interact_with_smithing_table":10,"minecraft:interact_with_crafting_table":1,"minecraft:fill_cauldron":2,"minecraft:leave_game":11,"minecraft:time_since_death":436177,"minecraft:climb_one_cm":1748,"minecraft:sprint_one_cm":131471,"minecraft:walk_one_cm":655841,"minecraft:drop":47,"minecraft:talked_to_villager":1,"minecraft:play_time":436177,"minecraft:walk_under_water_one_cm":72612,"minecraft:sneak_time":5312,"minecraft:interact_with_brewingstand":1,"minecraft:jump":756,"minecraft:walk_on_water_one_cm":17715,"minecraft:total_world_time":436177,"minecraft:interact_with_stonecutter":1,"minecraft:time_since_rest":436177,"minecraft:damage_taken":180,"minecraft:trigger_trapped_chest":2,"minecraft:damage_dealt":53,"minecraft:interact_with_beacon":1,"minecraft:fly_one_cm":2323334,"minecraft:open_chest":2,"minecraft:crouch_one_cm":600,"minecraft:fall_one_cm":1867},"minecraft:picked_up":{"minecraft:wooden_axe":1,"minecraft:azure_bluet":1,"minecraft:wind_charge":1,"minecraft:moss_carpet":18,"minecraft:beef":3,"minecraft:azalea":3,"minecraft:poppy":2,"minecraft:netherite_shovel":1,"minecraft:blue_carpet":11,"minecraft:cobblestone":35,"minecraft:ochre_froglight":31,"minecraft:oak_log":3,"minecraft:lily_pad":3,"minecraft:cobblestone_wall":1,"minecraft:cobblestone_stairs":1,"minecraft:dirt":523,"minecraft:wheat_seeds":3,"minecraft:mossy_stone_bricks":1,"minecraft:flowering_azalea":1,"minecraft:light_gray_candle":1},"minecraft:dropped":{"minecraft:water_bucket":1,"minecraft:moss_block":4,"minecraft:wheat_seeds":1,"minecraft:tnt":1,"minecraft:mossy_cobblestone":1,"minecraft:cobblestone":3,"minecraft:cracked_stone_bricks":1,"minecraft:grass_block":1,"minecraft:cobblestone_stairs":1,"minecraft:dirt":523,"minecraft:polished_blackstone_brick_stairs":1,"minecraft:wooden_axe":1,"minecraft:flowering_azalea":1,"minecraft:polished_blackstone_bricks":1,"minecraft:moss_carpet":7,"minecraft:cobblestone_wall":1,"minecraft:netherite_shovel":1,"minecraft:infested_mossy_stone_bricks":1,"minecraft:light_gray_candle":1,"minecraft:blue_stained_glass":1,"minecraft:poppy":2,"minecraft:cobblestone_slab":1,"minecraft:sea_pickle":1,"minecraft:mossy_stone_bricks":2,"minecraft:beef":3,"minecraft:calcite":1,"minecraft:stone_brick_stairs":1},"minecraft:used":{"minecraft:moss_block":362,"minecraft:moss_carpet":240,"minecraft:light_blue_stained_glass_pane":9,"minecraft:iron_bars":139,"minecraft:polished_deepslate":560,"minecraft:flint_and_steel":85,"minecraft:armor_stand":6,"minecraft:ladder":36,"minecraft:light_blue_terracotta":6,"minecraft:white_concrete_powder":5,"minecraft:green_banner":9,"minecraft:stone":1,"minecraft:bubble_coral":18,"minecraft:mossy_stone_brick_slab":29,"minecraft:netherrack":9,"minecraft:tube_coral":12,"minecraft:white_candle":7,"minecraft:oxidized_cut_copper":101,"minecraft:soul_campfire":1,"minecraft:brewing_stand":3,"minecraft:dirt":206,"minecraft:anvil":2,"minecraft:blue_stained_glass":6,"minecraft:prismarine_bricks":52,"minecraft:prismarine_brick_stairs":23,"minecraft:cobblestone_wall":152,"minecraft:deepslate_brick_slab":2,"minecraft:bee_nest":14,"minecraft:glow_lichen":50,"minecraft:light_blue_stained_glass":13,"minecraft:glass":525,"minecraft:sea_lantern":26,"minecraft:honey_block":19,"minecraft:packed_ice":126,"minecraft:flowering_azalea":5,"minecraft:lava_bucket":4,"minecraft:netherite_shovel":52,"minecraft:light_gray_stained_glass":4,"minecraft:black_stained_glass_pane":12,"minecraft:yellow_stained_glass":4,"minecraft:red_wool":1,"minecraft:iron_block":1,"minecraft:lantern":11,"minecraft:grass_block":1159,"minecraft:polished_deepslate_wall":19,"minecraft:polished_andesite_stairs":36,"minecraft:dark_oak_leaves":21,"minecraft:stone_brick_stairs":81,"minecraft:stone_bricks":149,"minecraft:smooth_basalt":108,"minecraft:item_frame":1,"minecraft:red_stained_glass_pane":4,"minecraft:infested_mossy_stone_bricks":123,"minecraft:honeycomb_block":283,"minecraft:magma_block":17,"minecraft:snow":112,"minecraft:black_stained_glass":3,"minecraft:horn_coral":17,"minecraft:pitcher_plant":1,"minecraft:lime_stained_glass":10,"minecraft:white_stained_glass_pane":10,"minecraft:trapped_chest":3,"minecraft:stone_pressure_plate":4,"minecraft:pearlescent_froglight":3,"minecraft:seagrass":24,"minecraft:pointed_dripstone":22,"minecraft:brain_coral_block":14,"minecraft:calcite":122,"minecraft:water_bucket":1052,"minecraft:mossy_stone_bricks":261,"minecraft:waxed_oxidized_cut_copper_slab":1,"minecraft:end_rod":2,"minecraft:nether_brick_wall":2,"minecraft:amethyst_block":72,"minecraft:cobblestone_stairs":37,"minecraft:dirt_path":25,"minecraft:snow_block":134,"minecraft:red_stained_glass":6,"minecraft:polished_andesite":202,"minecraft:prismarine":197,"minecraft:mossy_stone_brick_stairs":39,"minecraft:blue_concrete_powder":15,"minecraft:cauldron":2,"minecraft:cobblestone_slab":78,"minecraft:beacon":20,"minecraft:stonecutter":2,"minecraft:deepslate_bricks":48,"minecraft:cracked_stone_bricks":193,"minecraft:polished_blackstone_bricks":15,"minecraft:polished_deepslate_slab":173,"minecraft:mossy_cobblestone":135,"minecraft:diamond_block":56,"minecraft:lime_stained_glass_pane":9,"minecraft:tnt":71,"minecraft:light_gray_terracotta":7,"minecraft:blast_furnace":4,"minecraft:yellow_stained_glass_pane":23,"minecraft:blue_ice":74,"minecraft:campfire":4,"minecraft:sponge":11,"minecraft:dripstone_block":91,"minecraft:ochre_froglight":150,"minecraft:stone_brick_wall":32,"minecraft:painting":8,"minecraft:infested_stone_bricks":295,"minecraft:spruce_log":2,"minecraft:smoker":5,"minecraft:deepslate_brick_stairs":7,"minecraft:oak_log":3,"minecraft:amethyst_cluster":14,"minecraft:blue_stained_glass_pane":15,"minecraft:dark_oak_log":37,"minecraft:wind_charge":7,"minecraft:barrier":405,"minecraft:light_gray_candle":2,"minecraft:spore_blossom":8,"minecraft:iron_door":2,"minecraft:budding_amethyst":12,"minecraft:prismarine_wall":103,"minecraft:flowering_azalea_leaves":5,"minecraft:crimson_nylium":7,"minecraft:soul_lantern":7,"minecraft:pink_petals":7,"minecraft:blue_carpet":18,"minecraft:chiseled_stone_bricks":178,"minecraft:cobblestone":683,"minecraft:azalea_leaves":9,"minecraft:smithing_table":2,"minecraft:white_stained_glass":32,"minecraft:waxed_oxidized_cut_copper_stairs":3,"minecraft:chain":26,"minecraft:ice":88,"minecraft:sea_pickle":28,"minecraft:polished_blackstone_button":20,"minecraft:kelp":50,"minecraft:bone_meal":309}},"DataVersion":3953}