{"stats":{"minecraft:used":{"minecraft:calcite":36,"minecraft:deepslate_brick_wall":23,"minecraft:moss_block":283,"minecraft:chiseled_polished_blackstone":69,"minecraft:bamboo_trapdoor":3,"minecraft:cherry_sapling":54,"minecraft:water_bucket":138,"minecraft:chiseled_deepslate":7,"minecraft:polished_deepslate":303,"minecraft:snow_block":275,"minecraft:flint_and_steel":37,"minecraft:cracked_deepslate_bricks":3,"minecraft:chiseled_tuff":93,"minecraft:armor_stand":2,"minecraft:lead":3,"minecraft:spruce_slab":669,"minecraft:stone":68,"minecraft:cobblestone_slab":163,"minecraft:deepslate_bricks":2,"minecraft:polished_blackstone_bricks":2,"minecraft:gilded_blackstone":8,"minecraft:white_wool":2,"minecraft:soul_campfire":13,"minecraft:torch":8,"minecraft:glow_berries":5,"minecraft:mossy_cobblestone":19,"minecraft:dirt":7,"minecraft:tnt":41,"minecraft:light_blue_wool":2,"minecraft:orange_wool":4,"minecraft:blue_ice":62,"minecraft:cracked_deepslate_tiles":11,"minecraft:deepslate_tile_slab":1,"minecraft:stone_brick_wall":32,"minecraft:spruce_fence":2,"minecraft:oxidized_copper_bulb":436,"minecraft:small_dripleaf":11,"minecraft:shroomlight":9,"minecraft:polished_deepslate_stairs":59,"minecraft:big_dripleaf":7,"minecraft:deepslate_tiles":5,"minecraft:oak_log":194,"minecraft:polished_blackstone_slab":40,"minecraft:polished_tuff_slab":11,"minecraft:netherite_block":131,"minecraft:black_wool":37,"minecraft:sea_lantern":19,"minecraft:flowering_azalea":14,"minecraft:black_concrete":1443,"minecraft:stripped_dark_oak_wood":247,"minecraft:firework_rocket":4,"minecraft:wind_charge":3,"minecraft:lantern":36,"minecraft:grass_block":1134,"minecraft:mangrove_propagule":9,"minecraft:brown_wool":2384,"minecraft:quartz_block":1103,"minecraft:spore_blossom":5,"minecraft:lectern":1,"minecraft:polished_blackstone_brick_stairs":37,"minecraft:cherry_leaves":14,"minecraft:deepslate":1,"minecraft:yellow_wool":7,"minecraft:soul_lantern":22,"minecraft:chiseled_tuff_bricks":43,"minecraft:light_gray_wool":400,"minecraft:pink_petals":1448,"minecraft:chiseled_stone_bricks":1117,"minecraft:vault":1,"minecraft:reinforced_deepslate":54,"minecraft:fire_charge":3,"minecraft:cobblestone":492,"minecraft:snow":10,"minecraft:mangrove_roots":24,"minecraft:stripped_oak_wood":125,"minecraft:chain":224,"minecraft:ice":143,"minecraft:gray_wool":143,"minecraft:cherry_log":27,"minecraft:bone_meal":592,"minecraft:polished_blackstone_stairs":4},"minecraft:picked_up":{"minecraft:pink_petals":60,"minecraft:brown_wool":130,"minecraft:dirt":55,"minecraft:moss_carpet":3,"minecraft:lantern":2,"minecraft:wheat_seeds":5,"minecraft:light_gray_wool":26,"minecraft:moss_block":1,"minecraft:flowering_azalea":1,"minecraft:torch":2,"minecraft:dandelion":2,"minecraft:gravel":5,"minecraft:prismarine_crystals":14,"minecraft:cherry_sapling":1,"minecraft:mangrove_propagule":2,"minecraft:snowball":2559,"minecraft:cobblestone":165},"minecraft:custom":{"minecraft:leave_game":11,"minecraft:time_since_death":717685,"minecraft:time_since_rest":717685,"minecraft:sprint_one_cm":5612,"minecraft:walk_one_cm":907728,"minecraft:trigger_trapped_chest":1,"minecraft:damage_dealt":0,"minecraft:fly_one_cm":3505606,"minecraft:open_chest":2,"minecraft:crouch_one_cm":59821,"minecraft:play_time":717685,"minecraft:sneak_time":39067,"minecraft:walk_under_water_one_cm":1845,"minecraft:jump":1018,"minecraft:walk_on_water_one_cm":11971,"minecraft:total_world_time":717685}},"DataVersion":3953}