{"stats":{"minecraft:custom":{"minecraft:leave_game":18,"minecraft:time_since_death":1090537,"minecraft:climb_one_cm":81,"minecraft:time_since_rest":1090537,"minecraft:sprint_one_cm":16172,"minecraft:walk_one_cm":1538308,"minecraft:trigger_trapped_chest":1,"minecraft:drop":2,"minecraft:damage_dealt":0,"minecraft:interact_with_beacon":2,"minecraft:fly_one_cm":5058080,"minecraft:open_chest":3,"minecraft:crouch_one_cm":78102,"minecraft:play_time":1090537,"minecraft:sneak_time":51634,"minecraft:walk_under_water_one_cm":6848,"minecraft:jump":1631,"minecraft:walk_on_water_one_cm":33219,"minecraft:total_world_time":1090537},"minecraft:picked_up":{"minecraft:pink_petals":84,"minecraft:brown_wool":130,"minecraft:dirt":62,"minecraft:moss_carpet":3,"minecraft:lantern":2,"minecraft:wheat_seeds":6,"minecraft:dark_oak_sign":1,"minecraft:light_gray_wool":26,"minecraft:moss_block":1,"minecraft:flowering_azalea":1,"minecraft:torch":6,"minecraft:dandelion":2,"minecraft:dripstone_block":1,"minecraft:gravel":5,"minecraft:pointed_dripstone":4,"minecraft:prismarine_crystals":14,"minecraft:cherry_sapling":1,"minecraft:mangrove_propagule":2,"minecraft:snowball":2559,"minecraft:cobblestone":266},"minecraft:dropped":{"minecraft:grass_block":1,"minecraft:cobblestone_slab":1},"minecraft:used":{"minecraft:calcite":36,"minecraft:deepslate_brick_wall":23,"minecraft:moss_block":283,"minecraft:quartz_bricks":2,"minecraft:cherry_sapling":54,"minecraft:chiseled_polished_blackstone":69,"minecraft:bamboo_trapdoor":3,"minecraft:dark_oak_stairs":29,"minecraft:water_bucket":142,"minecraft:yellow_banner":9,"minecraft:bamboo_mosaic":35,"minecraft:chiseled_deepslate":7,"minecraft:polished_deepslate":303,"minecraft:snow_block":345,"minecraft:flint_and_steel":40,"minecraft:lead":3,"minecraft:cracked_deepslate_bricks":3,"minecraft:chiseled_tuff":93,"minecraft:armor_stand":2,"minecraft:red_concrete":47,"minecraft:dark_oak_sign":42,"minecraft:spruce_slab":751,"minecraft:polished_andesite":71,"minecraft:blackstone":10,"minecraft:white_concrete_powder":142,"minecraft:mossy_stone_brick_stairs":52,"minecraft:stone":107,"minecraft:beacon":3,"minecraft:cobblestone_slab":163,"minecraft:deepslate_bricks":133,"minecraft:gilded_blackstone":8,"minecraft:polished_blackstone_bricks":2,"minecraft:smooth_quartz_stairs":447,"minecraft:white_wool":2,"minecraft:soul_campfire":13,"minecraft:torch":31,"minecraft:glow_berries":5,"minecraft:mossy_cobblestone":19,"minecraft:dark_oak_trapdoor":21,"minecraft:dirt":412,"minecraft:tnt":44,"minecraft:blue_stained_glass":2,"minecraft:light_blue_wool":2,"minecraft:blue_ice":68,"minecraft:orange_wool":4,"minecraft:deepslate_tile_slab":1,"minecraft:cracked_deepslate_tiles":11,"minecraft:chiseled_quartz_block":200,"minecraft:stone_brick_wall":32,"minecraft:spruce_fence":57,"minecraft:light_blue_stained_glass":1,"minecraft:blue_concrete":12,"minecraft:polished_tuff_slab":11,"minecraft:polished_deepslate_stairs":59,"minecraft:deepslate_tiles":5,"minecraft:big_dripleaf":7,"minecraft:oxidized_copper_bulb":436,"minecraft:small_dripleaf":11,"minecraft:shroomlight":9,"minecraft:oak_log":194,"minecraft:polished_blackstone_slab":40,"minecraft:glass":4,"minecraft:blue_stained_glass_pane":5,"minecraft:stone_brick_slab":21,"minecraft:netherite_block":131,"minecraft:black_wool":87,"minecraft:sea_lantern":38,"minecraft:flowering_azalea":14,"minecraft:black_concrete":1443,"minecraft:firework_rocket":4,"minecraft:stripped_dark_oak_wood":356,"minecraft:grass_block":1534,"minecraft:quartz_pillar":399,"minecraft:lantern":57,"minecraft:iron_block":28,"minecraft:quartz_slab":222,"minecraft:wind_charge":3,"minecraft:mangrove_propagule":9,"minecraft:brown_wool":2384,"minecraft:quartz_block":1255,"minecraft:spore_blossom":5,"minecraft:lectern":1,"minecraft:polished_blackstone_brick_stairs":37,"minecraft:cherry_leaves":14,"minecraft:smooth_quartz":83,"minecraft:deepslate":1,"minecraft:dark_oak_button":4,"minecraft:stone_bricks":499,"minecraft:stone_brick_stairs":7,"minecraft:yellow_wool":7,"minecraft:soul_lantern":22,"minecraft:light_gray_wool":438,"minecraft:chiseled_tuff_bricks":43,"minecraft:pink_petals":1770,"minecraft:chiseled_stone_bricks":1185,"minecraft:fire_charge":3,"minecraft:reinforced_deepslate":54,"minecraft:vault":1,"minecraft:cobblestone":647,"minecraft:snow":12,"minecraft:mangrove_roots":24,"minecraft:white_banner":58,"minecraft:stripped_oak_wood":125,"minecraft:dark_oak_fence":3,"minecraft:white_stained_glass":8,"minecraft:chain":224,"minecraft:gold_block":41,"minecraft:ice":143,"minecraft:white_concrete":336,"minecraft:gray_wool":159,"minecraft:cherry_log":28,"minecraft:bone_meal":592,"minecraft:polished_blackstone_stairs":4,"minecraft:soul_torch":1}},"DataVersion":3953}