{"stats":{"minecraft:used":{"minecraft:netherite_sword":13,"minecraft:netherite_shovel":6837,"minecraft:sunflower":26,"minecraft:grass_block":327,"minecraft:dirt":120,"minecraft:anvil":2,"minecraft:netherite_pickaxe":100,"minecraft:granite":1,"minecraft:enchanted_golden_apple":2,"minecraft:experience_bottle":159},"minecraft:custom":{"minecraft:time_since_rest":86924,"minecraft:damage_absorbed":32,"minecraft:sprint_one_cm":64470,"minecraft:damage_taken":437,"minecraft:walk_one_cm":477137,"minecraft:interact_with_anvil":3,"minecraft:mob_kills":4,"minecraft:drop":3,"minecraft:damage_dealt":963,"minecraft:fly_one_cm":476152,"minecraft:open_chest":1,"minecraft:crouch_one_cm":1451,"minecraft:play_time":86924,"minecraft:sneak_time":591,"minecraft:jump":605,"minecraft:leave_game":6,"minecraft:time_since_death":86924,"minecraft:total_world_time":86924,"minecraft:damage_resisted":8,"minecraft:fall_one_cm":8954},"minecraft:mined":{"minecraft:snow":59,"minecraft:andesite":16,"minecraft:dandelion":1,"minecraft:cornflower":2,"minecraft:azure_bluet":3,"minecraft:granite":6,"minecraft:short_grass":56,"minecraft:grass_block":2982,"minecraft:gravel":2,"minecraft:dirt":3716,"minecraft:tall_grass":8,"minecraft:stone":76},"minecraft:dropped":{"minecraft:netherite_shovel":3},"minecraft:killed":{"minecraft:skeleton":1,"minecraft:zombie":2,"minecraft:bee":1},"minecraft:picked_up":{"minecraft:azure_bluet":75,"minecraft:andesite":16,"minecraft:dandelion":21,"minecraft:gravel":1,"minecraft:netherite_shovel":3,"minecraft:cornflower":53,"minecraft:dirt":2755,"minecraft:arrow":2,"minecraft:wheat_seeds":73,"minecraft:granite":6,"minecraft:poppy":21,"minecraft:snowball":13,"minecraft:cobblestone":64}},"DataVersion":3953}