{
  "vanillatweaks:glass_always_drops": {
    "criteria": {
      "tick": "2024-07-12 00:39:03 +0000"
    },
    "done": true
  },
  "vanillatweaks:root": {
    "criteria": {
      "tick": "2024-07-12 00:39:03 +0000"
    },
    "done": true
  },
  "vanillatweaks:durability_ping": {
    "criteria": {
      "tick": "2024-07-12 00:39:03 +0000"
    },
    "done": true
  },
  "vanillatweaks:confetti_creepers": {
    "criteria": {
      "tick": "2024-07-12 00:39:03 +0000"
    },
    "done": true
  },
  "vanilla_refresh:biome/savanna": {
    "criteria": {
      "requirement": "2024-07-12 00:39:12 +0000"
    },
    "done": true
  },
  "vanillatweaks:fast_leaf_decay": {
    "criteria": {
      "tick": "2024-07-12 00:39:03 +0000"
    },
    "done": true
  },
  "vanillatweaks:multiplayer_sleep": {
    "criteria": {
      "tick": "2024-07-12 00:39:03 +0000"
    },
    "done": true
  },
  "minecraft:recipes/decorations/crafting_table": {
    "criteria": {
      "unlock_right_away": "2024-07-12 00:39:03 +0000"
    },
    "done": true
  },
  "vanillatweaks:cauldron_concrete": {
    "criteria": {
      "tick": "2024-07-12 00:39:03 +0000"
    },
    "done": true
  },
  "vanilla_refresh:player/end_teleport": {
    "criteria": {
      "s3": "2024-07-12 00:39:03 +0000"
    },
    "done": false
  },
  "vanillatweaks:timber": {
    "criteria": {
      "tick": "2024-07-12 00:39:03 +0000"
    },
    "done": true
  },
  "vanillatweaks:ender_chest_always_drops": {
    "criteria": {
      "tick": "2024-07-12 00:39:03 +0000"
    },
    "done": true
  },
  "minecraft:recipes/misc/charcoal": {
    "criteria": {
      "has_log": "2024-07-12 00:40:37 +0000"
    },
    "done": true
  },
  "vanilla_refresh:player/tick": {
    "criteria": {
      "s": "2024-07-12 00:39:03 +0000"
    },
    "done": true
  },
  "vanillatweaks:armored_elytra": {
    "criteria": {
      "tick": "2024-07-12 00:39:03 +0000"
    },
    "done": true
  },
  "vanillatweaks:anti_creeper_grief": {
    "criteria": {
      "tick": "2024-07-12 00:39:03 +0000"
    },
    "done": true
  },
  "minecraft:recipes/building_blocks/acacia_wood": {
    "criteria": {
      "has_log": "2024-07-12 00:40:37 +0000"
    },
    "done": true
  },
  "minecraft:adventure/adventuring_time": {
    "criteria": {
      "minecraft:savanna": "2024-07-12 00:39:04 +0000"
    },
    "done": false
  },
  "minecraft:recipes/building_blocks/acacia_planks": {
    "criteria": {
      "has_log": "2024-07-12 00:40:37 +0000"
    },
    "done": true
  },
  "DataVersion": 3953
}